count, time, location_pos_x, location_pos_y, location_pos_z, location_roll, location_pitch, location_yaw
1,0,0,0,0,0,0,0
2,0,0,0,0,0,0,0
3,0,0,0,0,0,0,0
4,0,0,0,0,0,0,0
5,0,0,0,0,0,0,0
6,0,0,0,0,0,0,0.001
7,0,0,0,0,0,0,0.001
8,0,0,0,0,0,0,0.001
9,0,0,0,0,0,0,0.001
10,0,0,0,0,0,0,0.001
11,0,0,0,0,0,0,0.001
12,0,0,0,0,0,0,0.001
13,0,0,0,0,0,0,0.001
14,0,0.008,0,0,0,0,0.001
15,0,0.029,0,0,0,0,0.001
16,0,0.101,0,0,0,0,0.002
17,0,0.278,0,0,0,0,-0.003
18,0,0.534,0,0,0,0,-0.002
19,0,0.865,0.001,0,0,0,0
20,0,1.251,0.006,0,0,0,0.01
21,0,1.638,0.001,0,0,0,-0.013
22,0,2.029,-0.008,0,0,0,-0.026
23,0,2.414,-0.018,0,0,0,-0.023
24,0,2.802,-0.022,0,0,0,-0.01
25,0,3.209,-0.025,0,0,0,-0.01
26,0,3.595,-0.031,0,0,0,-0.011
27,0,3.99,-0.032,0,0,0,-0.002
28,0,4.385,-0.033,0,0,0,-0.004
29,0,4.779,-0.035,0,0,0,-0.008
30,0,5.181,-0.056,0,0,0,-0.064
31,0,5.565,-0.102,0,0,0,-0.119
32,0,5.95,-0.152,0,0,0,-0.127
33,0,6.343,-0.196,0,0,0,-0.113
34,0,6.734,-0.242,0,0,0,-0.116
35,0,7.141,-0.278,0,0,0,-0.084
36,0,7.486,-0.281,0,0,0,-0.014
37,0,7.886,-0.283,0,0,0,-0.011
38,0,8.285,-0.292,0,0,0,-0.022
39,0,8.681,-0.297,0,0,0,-0.009
40,0,9.073,-0.3,0,0,0,-0.012
41,0,9.472,-0.307,0,0,0,-0.02
42,0,9.855,-0.323,0,0,0,-0.042
43,0,10.254,-0.35,0,0,0,-0.069
44,0,10.63,-0.369,0,0,0,-0.05
45,0,11.031,-0.387,0,0,0,-0.046
46,0,11.428,-0.392,0,0,0,-0.005
47,0,11.81,-0.388,0,0,0,0.006
48,0,12.209,-0.389,0,0,0,-0.003
49,0,12.6,-0.39,0,0,0,-0.003
50,0,12.982,-0.388,0,0,0,0.005
51,0,13.38,-0.398,0,0,0,-0.033
52,0,13.765,-0.427,0,0,0,-0.077
53,0,14.158,-0.481,0,0,0,-0.143
54,0,14.535,-0.607,0,0,0,-0.332
55,0,14.868,-0.781,0,0,0,-0.49
56,0,15.201,-1.002,0,0,0,-0.576
57,0,15.521,-1.235,0,0,0,-0.635
58,0,15.817,-1.51,0,0,0,-0.758
59,0,16.071,-1.816,0,0,0,-0.883
60,0,16.291,-2.148,0,0,0,-0.99
61,0,16.485,-2.492,0,0,0,-1.055
62,0,16.657,-2.848,0,0,0,-1.131
63,0,16.797,-3.227,0,0,0,-1.222
64,0,16.907,-3.616,0,0,0,-1.306
65,0,16.989,-4.008,0,0,0,-1.369
66,0,17.058,-4.396,0,0,0,-1.394
67,0,17.108,-4.796,0,0,0,-1.443
68,0,17.142,-5.196,0,0,0,-1.479
69,0,17.163,-5.598,0,0,0,-1.527
70,0,17.173,-5.992,0,0,0,-1.536
71,0,17.176,-6.395,0,0,0,-1.567
72,0,17.177,-6.797,0,0,0,-1.568
73,0,17.181,-7.188,0,0,0,-1.566
74,0,17.158,-7.582,0,0,0,-1.624
75,0,17.138,-7.975,0,0,0,-1.618
76,0,17.123,-8.374,0,0,0,-1.607
77,0,17.117,-8.758,0,0,0,-1.583
78,0,17.122,-9.141,0,0,0,-1.561
79,0,17.126,-9.541,0,0,0,-1.564
80,0,17.13,-9.907,0,0,0,-1.558
81,0,17.139,-10.296,0,0,0,-1.549
82,0,17.138,-10.694,0,0,0,-1.575
83,0,17.122,-11.093,0,0,0,-1.615
84,0,17.09,-11.466,0,0,0,-1.651
85,0,17.058,-11.845,0,0,0,-1.648
86,0,17.029,-12.241,0,0,0,-1.644
87,0,17.008,-12.632,0,0,0,-1.617
88,0,17.004,-13.015,0,0,0,-1.581
89,0,17.009,-13.415,0,0,0,-1.559
90,0,17.025,-13.814,0,0,0,-1.529
91,0,17.048,-14.204,0,0,0,-1.509
92,0,17.081,-14.602,0,0,0,-1.488
93,0,17.109,-14.984,0,0,0,-1.5
94,0,17.125,-15.372,0,0,0,-1.533
95,0,17.122,-15.77,0,0,0,-1.58
96,0,17.114,-16.15,0,0,0,-1.588
97,0,17.11,-16.529,0,0,0,-1.586
98,0,17.078,-16.898,0,0,0,-1.666
99,0,17.021,-17.271,0,0,0,-1.725
100,0,16.955,-17.658,0,0,0,-1.738
101,0,16.874,-18.043,0,0,0,-1.779
102,0,16.78,-18.424,0,0,0,-1.813
103,0,16.679,-18.795,0,0,0,-1.858
104,0,16.531,-19.148,0,0,0,-1.972
105,0,16.329,-19.481,0,0,0,-2.116
106,0,16.085,-19.782,0,0,0,-2.26
107,0,15.798,-20.045,0,0,0,-2.41
108,0,15.474,-20.256,0,0,0,-2.564
109,0,15.152,-20.436,0,0,0,-2.641
110,0,14.807,-20.572,0,0,0,-2.769
111,0,14.445,-20.653,0,0,0,-2.92
112,0,14.072,-20.727,0,0,0,-2.946
113,0,13.692,-20.76,0,0,0,-3.068
114,0,13.308,-20.747,0,0,0,3.111
115,0,12.932,-20.717,0,0,0,3.064
116,0,12.555,-20.682,0,0,0,3.047
117,0,12.172,-20.634,0,0,0,3.018
118,0,11.789,-20.581,0,0,0,3.003
119,0,11.405,-20.542,0,0,0,3.045
120,0,11.024,-20.516,0,0,0,3.073
121,0,10.635,-20.493,0,0,0,3.08
122,0,10.253,-20.467,0,0,0,3.079
123,0,9.871,-20.439,0,0,0,3.07
124,0,9.489,-20.403,0,0,0,3.048
125,0,9.107,-20.363,0,0,0,3.036
126,0,8.717,-20.324,0,0,0,3.043
127,0,8.328,-20.301,0,0,0,3.079
128,0,7.947,-20.283,0,0,0,3.091
129,0,7.56,-20.264,0,0,0,3.098
130,0,7.183,-20.256,0,0,0,3.119
131,0,6.786,-20.246,0,0,0,3.111
132,0,6.4,-20.23,0,0,0,3.105
133,0,6.012,-20.214,0,0,0,3.095
134,0,5.625,-20.208,0,0,0,3.122
135,0,5.236,-20.202,0,0,0,3.128
136,0,4.846,-20.201,0,0,0,3.137
137,0,4.472,-20.194,0,0,0,3.127
138,0,4.084,-20.189,0,0,0,3.126
139,0,3.706,-20.178,0,0,0,3.112
140,0,3.312,-20.163,0,0,0,3.103
141,0,2.919,-20.145,0,0,0,3.093
142,0,2.525,-20.122,0,0,0,3.085
143,0,2.146,-20.102,0,0,0,3.089
144,0,1.75,-20.079,0,0,0,3.085
145,0,1.356,-20.059,0,0,0,3.091
146,0,0.989,-20.041,0,0,0,3.093
147,0,0.601,-20.024,0,0,0,3.1
148,0,0.214,-20.006,0,0,0,3.095
149,0,-0.174,-19.988,0,0,0,3.095
150,0,-0.552,-19.97,0,0,0,3.094
151,0,-0.944,-19.953,0,0,0,3.099
152,0,-1.336,-19.936,0,0,0,3.093
153,0,-1.729,-19.91,0,0,0,3.076
154,0,-2.114,-19.886,0,0,0,3.08
155,0,-2.505,-19.853,0,0,0,3.057
156,0,-2.866,-19.817,0,0,0,3.037
157,0,-3.26,-19.758,0,0,0,2.985
158,0,-3.648,-19.694,0,0,0,2.978
159,0,-4.023,-19.635,0,0,0,2.984
160,0,-4.411,-19.569,0,0,0,2.976
161,0,-4.795,-19.522,0,0,0,3.017
162,0,-5.178,-19.489,0,0,0,3.06
163,0,-5.561,-19.474,0,0,0,3.097
164,0,-5.952,-19.455,0,0,0,3.089
165,0,-6.343,-19.412,0,0,0,3.026
166,0,-6.71,-19.358,0,0,0,2.999
167,0,-7.091,-19.301,0,0,0,2.986
168,0,-7.487,-19.236,0,0,0,2.977
169,0,-7.867,-19.168,0,0,0,2.96
170,0,-8.252,-19.085,0,0,0,2.93
171,0,-8.628,-18.993,0,0,0,2.894
172,0,-9.006,-18.88,0,0,0,2.848
173,0,-9.374,-18.761,0,0,0,2.83
174,0,-9.746,-18.633,0,0,0,2.809
175,0,-10.114,-18.492,0,0,0,2.77
176,0,-10.478,-18.34,0,0,0,2.745
177,0,-10.835,-18.17,0,0,0,2.686
178,0,-11.178,-17.971,0,0,0,2.613
179,0,-11.491,-17.768,0,0,0,2.557
180,0,-11.808,-17.536,0,0,0,2.508
181,0,-12.086,-17.283,0,0,0,2.383
182,0,-12.333,-16.978,0,0,0,2.233
183,0,-12.531,-16.644,0,0,0,2.096
184,0,-12.692,-16.273,0,0,0,1.962
185,0,-12.8,-15.887,0,0,0,1.834
186,0,-12.867,-15.498,0,0,0,1.739
187,0,-12.918,-15.12,0,0,0,1.705
188,0,-12.965,-14.717,0,0,0,1.689
189,0,-13.006,-14.316,0,0,0,1.673
190,0,-13.035,-13.921,0,0,0,1.639
191,0,-13.042,-13.519,0,0,0,1.585
192,0,-13.038,-13.144,0,0,0,1.562
193,0,-13.028,-12.74,0,0,0,1.545
194,0,-13.006,-12.347,0,0,0,1.512
195,0,-12.984,-11.959,0,0,0,1.515
196,0,-12.983,-11.567,0,0,0,1.558
197,0,-12.975,-11.165,0,0,0,1.553
198,0,-12.972,-10.776,0,0,0,1.567
199,0,-12.972,-10.381,0,0,0,1.572
200,0,-12.971,-9.996,0,0,0,1.571
201,0,-12.97,-9.599,0,0,0,1.566
202,0,-12.96,-9.214,0,0,0,1.539
203,0,-12.904,-8.829,0,0,0,1.436
204,0,-12.839,-8.44,0,0,0,1.411
205,0,-12.771,-8.053,0,0,0,1.392
206,0,-12.701,-7.69,0,0,0,1.379
207,0,-12.606,-7.308,0,0,0,1.324
208,0,-12.487,-6.932,0,0,0,1.266
209,0,-12.348,-6.559,0,0,0,1.21
210,0,-12.197,-6.194,0,0,0,1.177
211,0,-12.038,-5.837,0,0,0,1.149
212,0,-11.873,-5.489,0,0,0,1.129
213,0,-11.7,-5.137,0,0,0,1.116
214,0,-11.518,-4.791,0,0,0,1.078
215,0,-11.312,-4.456,0,0,0,1.019
216,0,-11.085,-4.139,0,0,0,0.954
217,0,-10.849,-3.84,0,0,0,0.902
218,0,-10.603,-3.552,0,0,0,0.859
219,0,-10.336,-3.267,0,0,0,0.824
220,0,-10.057,-2.987,0,0,0,0.785
221,0,-9.771,-2.728,0,0,0,0.738
222,0,-9.47,-2.469,0,0,0,0.706
223,0,-9.167,-2.227,0,0,0,0.676
224,0,-8.863,-2.002,0,0,0,0.636
225,0,-8.54,-1.79,0,0,0,0.576
226,0,-8.198,-1.587,0,0,0,0.542
227,0,-7.865,-1.393,0,0,0,0.53
228,0,-7.519,-1.199,0,0,0,0.511
229,0,-7.173,-1.018,0,0,0,0.478
230,0,-6.811,-0.852,0,0,0,0.424
231,0,-6.457,-0.729,0,0,0,0.338
232,0,-6.077,-0.612,0,0,0,0.301
233,0,-5.694,-0.5,0,0,0,0.288
234,0,-5.312,-0.393,0,0,0,0.269
235,0,-4.928,-0.284,0,0,0,0.271
236,0,-4.548,-0.19,0,0,0,0.241
237,0,-4.157,-0.113,0,0,0,0.187
238,0,-3.759,-0.052,0,0,0,0.152
239,0,-3.367,0.004,0,0,0,0.144
240,0,-2.968,0.065,0,0,0,0.154
241,0,-2.571,0.123,0,0,0,0.143
242,0,-2.181,0.161,0,0,0,0.099
243,0,-1.8,0.186,0,0,0,0.066
244,0,-1.405,0.207,0,0,0,0.052
245,0,-1.016,0.219,0,0,0,0.03
246,0,-0.619,0.228,0,0,0,0.024
247,0,-0.214,0.232,0,0,0,0.008
248,0,0.17,0.222,0,0,0,-0.025
249,0,0.576,0.206,0,0,0,-0.04
250,0,0.977,0.189,0,0,0,-0.042
251,0,1.373,0.174,0,0,0,-0.038
252,0,1.686,0.161,0,0,0,-0.042
253,0,1.95,0.148,0,0,0,-0.045
254,0,2.203,0.138,0,0,0,-0.04
255,0,2.47,0.13,0,0,0,-0.026
256,0,2.72,0.13,0,0,0,-0.008
257,0,2.936,0.129,0,0,0,-0.006
258,0,3.097,0.129,0,0,0,0
259,0,3.139,0.129,0,0,0,0.004
260,0,3.148,0.129,0,0,0,0.003
261,0,3.156,0.129,0,0,0,0.003
262,0,3.155,0.129,0,0,0,0.002
,,-13.221,-13.038,,,,
,,-13.221,-13.038,,,,
,,-13.221,-13.038,,,,
,,-13.221,-13.038,,,,
,,-13.221,-13.038,,,,
,,-13.221,-13.038,,,,
,,-13.221,-13.038,,,,
,,-13.221,-13.038,,,,
,,-13.221,-13.038,,,,
,,-13.221,-13.038,,,,
,,-13.221,-13.038,,,,
,,-13.221,-13.038,,,,
,,-13.221,-13.038,,,,
,,-13.221,-13.038,,,,
,,-13.221,-13.038,,,,
,,-13.221,-13.038,,,,
,,-13.221,-13.038,,,,
,,-13.221,-13.038,,,,
,,-13.221,-13.038,,,,
,,-13.221,-13.038,,,,
,,-13.221,-13.038,,,,
,,-13.221,-13.055,,,,
,,-13.224,-13.127,,,,
,,-13.225,-13.22,,,,
,,-13.227,-13.349,,,,
,,-13.23,-13.489,,,,
,,-13.229,-13.662,,,,
,,-13.211,-13.922,,,,
,,-13.186,-14.292,,,,
,,-13.151,-14.683,,,,
,,-13.117,-15.073,,,,
,,-13.083,-15.465,,,,
,,-13.072,-15.836,,,,
,,-13.092,-16.234,,,,
,,-13.118,-16.616,,,,
,,-13.142,-17.005,,,,
,,-13.167,-17.395,,,,
,,-13.182,-17.785,,,,
,,-13.189,-18.176,,,,
,,-13.196,-18.569,,,,
,,-13.197,-18.951,,,,
,,-13.195,-19.343,,,,
,,-13.194,-19.735,,,,
,,-13.191,-20.126,,,,
,,-13.188,-20.515,,,,
,,-13.187,-20.906,,,,
,,-13.186,-21.296,,,,
,,-13.185,-21.687,,,,
,,-13.182,-22.077,,,,
,,-13.179,-22.444,,,,
,,-13.193,-22.833,,,,
,,-13.211,-23.225,,,,
,,-13.22,-23.615,,,,
,,-13.223,-24.004,,,,
,,-13.215,-24.399,,,,
,,-13.199,-24.785,,,,
,,-13.179,-25.188,,,,
,,-13.152,-25.579,,,,
,,-13.122,-25.964,,,,
,,-13.092,-26.365,,,,
,,-13.062,-26.749,,,,
,,-13.052,-27.143,,,,
,,-13.047,-27.539,,,,
,,-13.04,-27.935,,,,
,,-13.036,-28.332,,,,
,,-13.042,-28.728,,,,
,,-13.052,-29.122,,,,
,,-13.06,-29.52,,,,
,,-13.066,-29.9,,,,
,,-13.074,-30.303,,,,
,,-13.072,-30.698,,,,
,,-13.064,-31.094,,,,
,,-13.055,-31.492,,,,
,,-13.044,-31.888,,,,
,,-13.037,-32.276,,,,
,,-13.027,-32.673,,,,
,,-13.019,-33.061,,,,
,,-13.015,-33.458,,,,
,,-13.012,-33.855,,,,
,,-13.017,-34.25,,,,
,,-13.04,-34.635,,,,
,,-13.082,-35.029,,,,
,,-13.133,-35.422,,,,
,,-13.186,-35.816,,,,
,,-13.239,-36.205,,,,
,,-13.277,-36.592,,,,
,,-13.309,-36.987,,,,
,,-13.338,-37.38,,,,
,,-13.352,-37.777,,,,
,,-13.364,-38.172,,,,
,,-13.384,-38.563,,,,
,,-13.413,-38.951,,,,
,,-13.447,-39.341,,,,
,,-13.521,-39.729,,,,
,,-13.597,-40.086,,,,
,,-13.636,-40.399,,,,
,,-13.625,-40.747,,,,
,,-13.546,-41.109,,,,
,,-13.394,-41.437,,,,
,,-13.224,-41.637,,,,
,,-13.094,-41.757,,,,
,,-12.934,-41.889,,,,
,,-12.774,-42.004,,,,
,,-12.668,-42.055,,,,
,,-12.568,-42.104,,,,
,,-12.468,-42.15,,,,
,,-12.339,-42.206,,,,
,,-12.124,-42.211,,,,
,,-11.848,-42.172,,,,
,,-11.597,-42.184,,,,
,,-11.31,-42.222,,,,
,,-11.08,-42.242,,,,
,,-10.851,-42.305,,,,
,,-10.682,-42.346,,,,
,,-10.603,-42.365,,,,
,,-10.457,-42.404,,,,
,,-10.252,-42.458,,,,
,,-9.995,-42.517,,,,
,,-9.7,-42.569,,,,
,,-9.364,-42.602,,,,
,,-9.001,-42.624,,,,
,,-8.616,-42.637,,,,
,,-8.229,-42.646,,,,
,,-7.843,-42.644,,,,
,,-7.458,-42.632,,,,
,,-7.073,-42.606,,,,
,,-6.703,-42.574,,,,
,,-6.317,-42.548,,,,
,,-5.93,-42.53,,,,
,,-5.541,-42.508,,,,
,,-5.155,-42.476,,,,
,,-4.768,-42.441,,,,
,,-4.382,-42.407,,,,
,,-3.995,-42.375,,,,
,,-3.609,-42.355,,,,
,,-3.228,-42.352,,,,
,,-2.847,-42.359,,,,
,,-2.461,-42.371,,,,
,,-2.074,-42.393,,,,
,,-1.686,-42.409,,,,
,,-1.301,-42.428,,,,
,,-0.914,-42.466,,,,
,,-0.528,-42.51,,,,
,,-0.144,-42.562,,,,
,,0.241,-42.622,,,,
,,0.619,-42.689,,,,
,,1.005,-42.762,,,,
,,1.39,-42.842,,,,
,,1.774,-42.934,,,,
,,2.151,-43.027,,,,
,,2.532,-43.122,,,,
,,2.915,-43.22,,,,
,,3.298,-43.313,,,,
,,3.675,-43.39,,,,
,,4.061,-43.463,,,,
,,4.445,-43.538,,,,
,,4.832,-43.621,,,,
,,5.214,-43.7,,,,
,,5.595,-43.76,,,,
,,5.983,-43.818,,,,
,,6.373,-43.865,,,,
,,6.764,-43.899,,,,
,,7.154,-43.92,,,,
,,7.545,-43.934,,,,
,,7.936,-43.944,,,,
,,8.326,-43.957,,,,
,,8.716,-43.979,,,,
,,9.1,-44.002,,,,
,,9.492,-44.027,,,,
,,9.881,-44.05,,,,
,,10.279,-44.063,,,,
,,10.663,-44.071,,,,
,,11.053,-44.082,,,,
,,11.437,-44.097,,,,
,,11.819,-44.112,,,,
,,12.21,-44.131,,,,
,,12.601,-44.152,,,,
,,12.991,-44.177,,,,
,,13.381,-44.202,,,,
,,13.768,-44.232,,,,
,,14.156,-44.263,,,,
,,14.541,-44.294,,,,
,,14.928,-44.32,,,,
,,15.316,-44.334,,,,
,,15.695,-44.342,,,,
,,16.082,-44.346,,,,
,,16.477,-44.347,,,,
,,16.856,-44.345,,,,
,,17.242,-44.339,,,,
,,17.629,-44.323,,,,
,,18.016,-44.303,,,,
,,18.403,-44.282,,,,
,,18.791,-44.254,,,,
,,19.184,-44.216,,,,
,,19.539,-44.172,,,,
,,19.921,-44.111,,,,
,,20.3,-44.03,,,,
,,20.675,-43.934,,,,
,,21.049,-43.827,,,,
,,21.414,-43.701,,,,
,,21.775,-43.551,,,,
,,22.117,-43.405,,,,
,,22.448,-43.281,,,,
,,22.782,-43.21,,,,
,,23.171,-43.216,,,,
,,23.557,-43.223,,,,
,,23.944,-43.231,,,,
,,24.32,-43.245,,,,
,,24.693,-43.265,,,,
,,25.052,-43.281,,,,
,,25.399,-43.268,,,,
,,25.738,-43.202,,,,
,,26.085,-43.043,,,,
,,26.401,-42.833,,,,
,,26.69,-42.567,,,,
,,26.922,-42.251,,,,
,,27.102,-41.91,,,,
,,27.228,-41.54,,,,
,,27.28,-41.164,,,,
,,27.269,-40.763,,,,
,,27.247,-40.364,,,,
,,27.246,-39.964,,,,
,,27.262,-39.566,,,,
,,27.273,-39.166,,,,
,,27.283,-38.766,,,,
,,27.283,-38.368,,,,
,,27.27,-37.993,,,,
,,27.252,-37.604,,,,
,,27.239,-37.204,,,,
,,27.228,-36.806,,,,
,,27.232,-36.409,,,,
,,27.251,-36.011,,,,
,,27.272,-35.615,,,,
,,27.289,-35.218,,,,
,,27.295,-34.818,,,,
,,27.295,-34.422,,,,
,,27.294,-34.03,,,,
,,27.299,-33.642,,,,
,,27.303,-33.246,,,,
,,27.309,-32.851,,,,
,,27.314,-32.464,,,,
,,27.317,-32.068,,,,
,,27.316,-31.665,,,,
,,27.305,-31.279,,,,
,,27.282,-30.886,,,,
,,27.241,-30.493,,,,
,,27.193,-30.091,,,,
,,27.129,-29.709,,,,
,,27.059,-29.318,,,,
,,26.992,-28.929,,,,
,,26.896,-28.546,,,,
,,26.751,-28.179,,,,
,,26.577,-27.832,,,,
,,26.389,-27.488,,,,
,,26.183,-27.166,,,,
,,25.944,-26.859,,,,
,,25.685,-26.568,,,,
,,25.406,-26.299,,,,
,,25.118,-26.035,,,,
,,24.829,-25.771,,,,
,,24.533,-25.512,,,,
,,24.228,-25.263,,,,
,,23.911,-25.029,,,,
,,23.582,-24.808,,,,
,,23.257,-24.582,,,,
,,22.928,-24.354,,,,
,,22.599,-24.131,,,,
,,22.263,-23.913,,,,
,,21.935,-23.706,,,,
,,21.592,-23.499,,,,
,,21.255,-23.302,,,,
,,20.902,-23.112,,,,
,,20.547,-22.924,,,,
,,20.193,-22.735,,,,
,,19.84,-22.561,,,,
,,19.471,-22.401,,,,
,,19.104,-22.244,,,,
,,18.734,-22.09,,,,
,,18.361,-21.942,,,,
,,17.997,-21.797,,,,
,,17.625,-21.647,,,,
,,17.243,-21.5,,,,
,,16.871,-21.366,,,,
,,16.489,-21.235,,,,
,,16.105,-21.113,,,,
,,15.709,-21.032,,,,
,,15.312,-20.975,,,,
,,14.93,-20.941,,,,
,,14.534,-20.954,,,,
,,14.138,-20.944,,,,
,,13.741,-20.917,,,,
,,13.346,-20.898,,,,
,,12.951,-20.869,,,,
,,12.559,-20.833,,,,
,,12.175,-20.792,,,,
,,11.787,-20.743,,,,
,,11.397,-20.705,,,,
,,11.008,-20.68,,,,
,,10.627,-20.663,,,,
,,10.24,-20.647,,,,
,,9.855,-20.642,,,,
,,9.468,-20.641,,,,
,,9.083,-20.644,,,,
,,8.693,-20.647,,,,
,,8.304,-20.66,,,,
,,7.913,-20.681,,,,
,,7.516,-20.68,,,,
,,7.127,-20.68,,,,
,,6.74,-20.678,,,,
,,6.368,-20.672,,,,
,,5.998,-20.669,,,,
,,5.611,-20.656,,,,
,,5.229,-20.628,,,,
,,4.839,-20.6,,,,
,,4.455,-20.582,,,,
,,4.072,-20.567,,,,
,,3.679,-20.553,,,,
,,3.284,-20.542,,,,
,,2.889,-20.529,,,,
,,2.512,-20.507,,,,
,,2.119,-20.487,,,,
,,1.725,-20.467,,,,
,,1.336,-20.451,,,,
,,0.944,-20.428,,,,
,,0.56,-20.4,,,,
,,0.168,-20.353,,,,
,,-0.239,-20.295,,,,
,,-0.615,-20.248,,,,
,,-1.009,-20.202,,,,
,,-1.401,-20.154,,,,
,,-1.796,-20.11,,,,
,,-2.19,-20.064,,,,
,,-2.585,-20.022,,,,
,,-2.982,-19.989,,,,
,,-3.383,-19.958,,,,
,,-3.781,-19.915,,,,
,,-4.172,-19.89,,,,
,,-4.574,-19.893,,,,
,,-4.968,-19.921,,,,
,,-5.371,-19.963,,,,
,,-5.772,-20.022,,,,
,,-6.175,-20.091,,,,
,,-6.574,-20.142,,,,
,,-6.953,-20.172,,,,
,,-7.357,-20.192,,,,
,,-7.76,-20.198,,,,
,,-8.163,-20.206,,,,
,,-8.566,-20.225,,,,
,,-8.971,-20.255,,,,
,,-9.373,-20.291,,,,
,,-9.777,-20.33,,,,
,,-10.181,-20.387,,,,
,,-10.581,-20.457,,,,
,,-10.976,-20.539,,,,
,,-11.354,-20.655,,,,
,,-11.694,-20.833,,,,
,,-12.007,-21.074,,,,
,,-12.278,-21.381,,,,
,,-12.527,-21.708,,,,
,,-12.739,-22.05,,,,
,,-12.915,-22.425,,,,
,,-13.033,-22.808,,,,
,,-13.097,-23.207,,,,
,,-13.105,-23.607,,,,
,,-13.107,-24.01,,,,
,,-13.102,-24.415,,,,
,,-13.094,-24.817,,,,
,,-13.085,-25.218,,,,
,,-13.072,-25.609,,,,
,,-13.065,-26.009,,,,
,,-13.071,-26.407,,,,
,,-13.075,-26.814,,,,
,,-13.075,-27.146,,,,
,,-13.071,-27.427,,,,
,,-13.059,-27.599,,,,
,,-13.052,-27.657,,,,
,,-13.051,-27.658,,,,
,,-13.051,-27.658,,,,
,,81.055,-3.578,,,,
,,81.055,-3.578,,,,
,,81.055,-3.578,,,,
,,81.055,-3.578,,,,
,,81.055,-3.578,,,,
,,81.055,-3.578,,,,
,,81.055,-3.578,,,,
,,81.055,-3.578,,,,
,,81.055,-3.578,,,,
,,81.055,-3.578,,,,
,,81.055,-3.578,,,,
,,81.055,-3.578,,,,
,,81.054,-3.593,,,,
,,81.052,-3.624,,,,
,,81.047,-3.739,,,,
,,81.045,-3.869,,,,
,,81.068,-4.065,,,,
,,81.117,-4.335,,,,
,,81.179,-4.688,,,,
,,81.245,-5.083,,,,
,,81.314,-5.48,,,,
,,81.375,-5.88,,,,
,,81.407,-6.274,,,,
,,81.431,-6.655,,,,
,,81.445,-7.04,,,,
,,81.46,-7.424,,,,
,,81.468,-7.81,,,,
,,81.479,-8.193,,,,
,,81.492,-8.577,,,,
,,81.508,-8.963,,,,
,,81.525,-9.355,,,,
,,81.542,-9.745,,,,
,,81.562,-10.136,,,,
,,81.584,-10.53,,,,
,,81.612,-10.923,,,,
,,81.642,-11.318,,,,
,,81.667,-11.711,,,,
,,81.689,-12.105,,,,
,,81.696,-12.485,,,,
,,81.664,-12.891,,,,
,,81.63,-13.282,,,,
,,81.604,-13.683,,,,
,,81.583,-14.085,,,,
,,81.563,-14.48,,,,
,,81.527,-14.85,,,,
,,81.423,-15.214,,,,
,,81.269,-15.579,,,,
,,81.091,-15.933,,,,
,,80.911,-16.287,,,,
,,80.733,-16.642,,,,
,,80.555,-16.996,,,,
,,80.398,-17.312,,,,
,,80.303,-17.493,,,,
,,80.202,-17.679,,,,
,,80.025,-17.963,,,,
,,79.922,-18.135,,,,
,,79.901,-18.144,,,,
,,79.897,-18.154,,,,
,,79.891,-18.162,,,,
,,79.886,-18.169,,,,
,,79.88,-18.177,,,,
,,79.875,-18.186,,,,
,,79.869,-18.195,,,,
,,79.862,-18.206,,,,
,,79.857,-18.214,,,,
,,79.85,-18.223,,,,
,,79.844,-18.232,,,,
,,79.839,-18.24,,,,
,,79.834,-18.247,,,,
,,79.829,-18.255,,,,
,,79.821,-18.264,,,,
,,79.817,-18.272,,,,
,,79.812,-18.279,,,,
,,79.808,-18.285,,,,
,,79.804,-18.291,,,,
,,79.799,-18.298,,,,
,,79.794,-18.306,,,,
,,79.789,-18.314,,,,
,,79.775,-18.335,,,,
,,79.728,-18.405,,,,
,,79.65,-18.529,,,,
,,79.575,-18.68,,,,
,,79.497,-18.913,,,,
,,79.409,-19.182,,,,
,,79.319,-19.481,,,,
,,79.212,-19.841,,,,
,,79.1,-20.218,,,,
,,78.99,-20.597,,,,
,,78.885,-20.974,,,,
,,78.785,-21.353,,,,
,,78.707,-21.739,,,,
,,78.631,-22.125,,,,
,,78.555,-22.51,,,,
,,78.467,-22.894,,,,
,,78.376,-23.278,,,,
,,78.296,-23.656,,,,
,,78.217,-24.041,,,,
,,78.147,-24.426,,,,
,,78.094,-24.816,,,,
,,78.05,-25.205,,,,
,,78.008,-25.595,,,,
,,77.968,-25.985,,,,
,,77.93,-26.375,,,,
,,77.898,-26.767,,,,
,,77.879,-27.157,,,,
,,77.871,-27.55,,,,
,,77.857,-27.942,,,,
,,77.844,-28.334,,,,
,,77.831,-28.727,,,,
,,77.822,-29.119,,,,
,,77.82,-29.51,,,,
,,77.836,-29.902,,,,
,,77.86,-30.286,,,,
,,77.887,-30.686,,,,
,,77.912,-31.078,,,,
,,77.918,-31.471,,,,
,,77.919,-31.864,,,,
,,77.913,-32.248,,,,
,,77.893,-32.638,,,,
,,77.847,-33.026,,,,
,,77.783,-33.412,,,,
,,77.707,-33.793,,,,
,,77.606,-34.172,,,,
,,77.472,-34.537,,,,
,,77.319,-34.895,,,,
,,77.13,-35.237,,,,
,,76.912,-35.559,,,,
,,76.681,-35.873,,,,
,,76.444,-36.173,,,,
,,76.186,-36.462,,,,
,,75.893,-36.728,,,,
,,75.578,-36.956,,,,
,,75.247,-37.148,,,,
,,74.886,-37.303,,,,
,,74.518,-37.437,,,,
,,74.14,-37.542,,,,
,,73.751,-37.608,,,,
,,73.357,-37.637,,,,
,,72.965,-37.636,,,,
,,72.572,-37.637,,,,
,,72.176,-37.639,,,,
,,71.779,-37.652,,,,
,,71.38,-37.651,,,,
,,70.984,-37.647,,,,
,,70.586,-37.655,,,,
,,70.199,-37.671,,,,
,,69.801,-37.686,,,,
,,69.403,-37.699,,,,
,,69.006,-37.704,,,,
,,68.609,-37.708,,,,
,,68.219,-37.724,,,,
,,67.823,-37.742,,,,
,,67.425,-37.755,,,,
,,67.029,-37.756,,,,
,,66.624,-37.745,,,,
,,66.234,-37.725,,,,
,,65.829,-37.708,,,,
,,65.439,-37.706,,,,
,,65.041,-37.709,,,,
,,64.644,-37.713,,,,
,,64.248,-37.716,,,,
,,63.85,-37.72,,,,
,,63.453,-37.725,,,,
,,63.072,-37.738,,,,
,,62.675,-37.743,,,,
,,62.277,-37.748,,,,
,,61.882,-37.749,,,,
,,61.486,-37.739,,,,
,,61.091,-37.736,,,,
,,60.698,-37.766,,,,
,,60.303,-37.806,,,,
,,59.91,-37.853,,,,
,,59.527,-37.906,,,,
,,59.135,-37.96,,,,
,,58.743,-38.012,,,,
,,58.352,-38.056,,,,
,,57.967,-38.085,,,,
,,57.566,-38.116,,,,
,,57.178,-38.147,,,,
,,56.788,-38.194,,,,
,,56.395,-38.24,,,,
,,56.005,-38.289,,,,
,,55.625,-38.342,,,,
,,55.239,-38.408,,,,
,,54.859,-38.48,,,,
,,54.471,-38.563,,,,
,,54.089,-38.656,,,,
,,53.713,-38.757,,,,
,,53.342,-38.875,,,,
,,52.979,-39.019,,,,
,,52.631,-39.201,,,,
,,52.309,-39.407,,,,
,,51.985,-39.631,,,,
,,51.667,-39.863,,,,
,,51.356,-40.096,,,,
,,51.04,-40.337,,,,
,,50.729,-40.583,,,,
,,50.431,-40.834,,,,
,,50.148,-41.104,,,,
,,49.873,-41.38,,,,
,,49.583,-41.647,,,,
,,49.295,-41.916,,,,
,,49.01,-42.188,,,,
,,48.725,-42.456,,,,
,,48.437,-42.722,,,,
,,48.148,-42.987,,,,
,,47.859,-43.248,,,,
,,47.568,-43.502,,,,
,,47.292,-43.759,,,,
,,47.009,-44.018,,,,
,,46.731,-44.295,,,,
,,46.456,-44.575,,,,
,,46.192,-44.86,,,,
,,45.93,-45.151,,,,
,,45.657,-45.429,,,,
,,45.369,-45.694,,,,
,,45.075,-45.944,,,,
,,44.794,-46.216,,,,
,,44.523,-46.503,,,,
,,44.272,-46.798,,,,
,,44.008,-47.054,,,,
,,43.709,-47.256,,,,
,,43.373,-47.4,,,,
,,43.009,-47.489,,,,
,,42.618,-47.543,,,,
,,42.227,-47.582,,,,
,,41.833,-47.575,,,,
,,41.442,-47.519,,,,
,,41.06,-47.453,,,,
,,40.671,-47.384,,,,
,,40.282,-47.317,,,,
,,39.889,-47.248,,,,
,,39.497,-47.189,,,,
,,39.11,-47.133,,,,
,,38.722,-47.088,,,,
,,38.336,-47.045,,,,
,,37.952,-47.006,,,,
,,37.563,-46.96,,,,
,,37.185,-46.906,,,,
,,36.803,-46.833,,,,
,,36.426,-46.745,,,,
,,36.044,-46.661,,,,
,,35.664,-46.582,,,,
,,35.282,-46.513,,,,
,,34.902,-46.419,,,,
,,34.522,-46.309,,,,
,,34.147,-46.19,,,,
,,33.798,-46.065,,,,
,,33.431,-45.922,,,,
,,33.072,-45.764,,,,
,,32.72,-45.592,,,,
,,32.378,-45.399,,,,
,,32.043,-45.206,,,,
,,31.709,-44.999,,,,
,,31.378,-44.788,,,,
,,31.051,-44.577,,,,
,,30.736,-44.356,,,,
,,30.432,-44.12,,,,
,,30.14,-43.867,,,,
,,29.85,-43.613,,,,
,,29.566,-43.352,,,,
,,29.297,-43.079,,,,
,,29.041,-42.79,,,,
,,28.809,-42.483,,,,
,,28.597,-42.16,,,,
,,28.423,-41.812,,,,
,,28.284,-41.451,,,,
,,28.181,-41.079,,,,
,,28.134,-40.701,,,,
,,28.132,-40.31,,,,
,,28.143,-39.923,,,,
,,28.145,-39.56,,,,
,,28.14,-39.185,,,,
,,28.103,-38.8,,,,
,,28.029,-38.421,,,,
,,27.948,-38.041,,,,
,,27.867,-37.661,,,,
,,27.788,-37.296,,,,
,,27.71,-36.907,,,,
,,27.646,-36.532,,,,
,,27.594,-36.142,,,,
,,27.551,-35.762,,,,
,,27.52,-35.388,,,,
,,27.497,-34.996,,,,
,,27.482,-34.604,,,,
,,27.467,-34.214,,,,
,,27.45,-33.824,,,,
,,27.434,-33.426,,,,
,,27.423,-33.028,,,,
,,27.417,-32.631,,,,
,,27.419,-32.232,,,,
,,27.424,-31.831,,,,
,,27.427,-31.442,,,,
,,27.425,-31.047,,,,
,,27.416,-30.648,,,,
,,27.406,-30.266,,,,
,,27.381,-29.872,,,,
,,27.329,-29.484,,,,
,,27.274,-29.091,,,,
,,27.231,-28.7,,,,
,,27.185,-28.312,,,,
,,27.106,-27.931,,,,
,,26.976,-27.563,,,,
,,26.808,-27.203,,,,
,,26.604,-26.859,,,,
,,26.375,-26.534,,,,
,,26.128,-26.22,,,,
,,25.856,-25.923,,,,
,,25.569,-25.642,,,,
,,25.286,-25.356,,,,
,,25.005,-25.073,,,,
,,24.722,-24.791,,,,
,,24.439,-24.515,,,,
,,24.142,-24.252,,,,
,,23.842,-23.992,,,,
,,23.544,-23.736,,,,
,,23.245,-23.482,,,,
,,22.94,-23.235,,,,
,,22.631,-22.991,,,,
,,22.327,-22.75,,,,
,,22.013,-22.5,,,,
,,21.704,-22.253,,,,
,,21.405,-22.008,,,,
,,21.102,-21.755,,,,
,,20.815,-21.498,,,,
,,20.537,-21.242,,,,
,,20.252,-20.969,,,,
,,19.97,-20.692,,,,
,,19.693,-20.411,,,,
,,19.436,-20.114,,,,
,,19.203,-19.806,,,,
,,18.99,-19.472,,,,
,,18.805,-19.122,,,,
,,18.63,-18.764,,,,
,,18.469,-18.421,,,,
,,18.292,-18.065,,,,
,,18.116,-17.71,,,,
,,17.939,-17.356,,,,
,,17.763,-17.001,,,,
,,17.592,-16.646,,,,
,,17.424,-16.287,,,,
,,17.291,-15.912,,,,
,,17.175,-15.531,,,,
,,17.074,-15.157,,,,
,,17.005,-14.767,,,,
,,16.959,-14.375,,,,
,,16.933,-13.981,,,,
,,16.948,-13.585,,,,
,,16.964,-13.182,,,,
,,16.984,-12.784,,,,
,,17.015,-12.396,,,,
,,17.051,-12.002,,,,
,,17.078,-11.604,,,,
,,17.112,-11.208,,,,
,,17.154,-10.816,,,,
,,17.186,-10.43,,,,
,,17.21,-10.051,,,,
,,17.228,-9.655,,,,
,,17.244,-9.261,,,,
,,17.266,-8.867,,,,
,,17.288,-8.474,,,,
,,17.315,-8.083,,,,
,,17.339,-7.69,,,,
,,17.349,-7.299,,,,
,,17.374,-6.907,,,,
,,17.405,-6.518,,,,
,,17.436,-6.14,,,,
,,17.462,-5.744,,,,
,,17.502,-5.359,,,,
,,17.544,-4.971,,,,
,,17.589,-4.585,,,,
,,17.655,-4.21,,,,
,,17.75,-3.824,,,,
,,17.859,-3.457,,,,
,,18,-3.099,,,,
,,18.177,-2.755,,,,
,,18.387,-2.431,,,,
,,18.613,-2.119,,,,
,,18.868,-1.832,,,,
,,19.148,-1.581,,,,
,,19.462,-1.358,,,,
,,19.788,-1.154,,,,
,,20.111,-0.974,,,,
,,20.467,-0.822,,,,
,,20.833,-0.699,,,,
,,21.211,-0.602,,,,
,,21.6,-0.556,,,,
,,22,-0.574,,,,
,,22.395,-0.607,,,,
,,22.786,-0.634,,,,
,,23.184,-0.647,,,,
,,23.58,-0.651,,,,
,,23.978,-0.649,,,,
,,24.375,-0.634,,,,
,,24.774,-0.627,,,,
,,25.172,-0.622,,,,
,,25.57,-0.619,,,,
,,25.969,-0.613,,,,
,,26.367,-0.607,,,,
,,26.761,-0.613,,,,
,,27.158,-0.636,,,,
,,27.546,-0.666,,,,
,,27.931,-0.729,,,,
,,28.306,-0.845,,,,
,,28.682,-0.976,,,,
,,29.044,-1.102,,,,
,,29.375,-1.209,,,,
,,29.629,-1.289,,,,
,,29.836,-1.344,,,,
,,30.015,-1.364,,,,
,,30.13,-1.373,,,,
,,30.145,-1.374,,,,
,,30.157,-1.375,,,,
,,30.166,-1.376,,,,
,,30.174,-1.377,,,,
,,30.184,-1.378,,,,
,,30.194,-1.378,,,,
,,30.212,-1.38,,,,
,,30.329,-1.394,,,,
,,30.548,-1.417,,,,
,,30.805,-1.429,,,,
,,31.193,-1.44,,,,
,,31.58,-1.444,,,,
,,31.977,-1.452,,,,
,,32.373,-1.468,,,,
,,32.766,-1.491,,,,
,,33.156,-1.509,,,,
,,33.549,-1.525,,,,
,,33.94,-1.545,,,,
,,34.325,-1.548,,,,
,,34.722,-1.552,,,,
,,35.126,-1.552,,,,
,,35.521,-1.547,,,,
,,35.916,-1.532,,,,
,,36.31,-1.529,,,,
,,36.692,-1.536,,,,
,,37.081,-1.547,,,,
,,37.482,-1.568,,,,
,,37.882,-1.601,,,,
,,38.277,-1.642,,,,
,,38.677,-1.667,,,,
,,39.077,-1.685,,,,
,,39.472,-1.698,,,,
,,39.867,-1.708,,,,
,,40.255,-1.719,,,,
,,40.646,-1.727,,,,
,,41.048,-1.735,,,,
,,41.442,-1.759,,,,
,,41.834,-1.781,,,,
,,42.224,-1.801,,,,
,,42.619,-1.825,,,,
,,43.023,-1.846,,,,
,,43.419,-1.86,,,,
,,43.809,-1.862,,,,
,,44.201,-1.853,,,,
,,44.599,-1.817,,,,
,,44.982,-1.787,,,,
,,45.381,-1.767,,,,
,,45.764,-1.752,,,,
,,46.154,-1.747,,,,
,,46.543,-1.737,,,,
,,46.926,-1.73,,,,
,,47.319,-1.736,,,,
,,47.714,-1.765,,,,
,,48.107,-1.793,,,,
,,48.501,-1.817,,,,
,,48.899,-1.844,,,,
,,49.297,-1.869,,,,
,,49.704,-1.891,,,,
,,50.089,-1.911,,,,
,,50.484,-1.928,,,,
,,50.876,-1.946,,,,
,,51.27,-1.977,,,,
,,51.666,-2.019,,,,
,,52.06,-2.06,,,,
,,52.451,-2.09,,,,
,,52.848,-2.109,,,,
,,53.245,-2.12,,,,
,,53.642,-2.132,,,,
,,54.035,-2.147,,,,
,,54.434,-2.167,,,,
,,54.831,-2.188,,,,
,,55.226,-2.216,,,,
,,55.621,-2.246,,,,
,,56.017,-2.276,,,,
,,56.412,-2.313,,,,
,,56.803,-2.34,,,,
,,57.2,-2.352,,,,
,,57.596,-2.36,,,,
,,57.991,-2.362,,,,
,,58.386,-2.365,,,,
,,58.778,-2.365,,,,
,,59.17,-2.362,,,,
,,59.565,-2.369,,,,
,,59.961,-2.382,,,,
,,60.359,-2.399,,,,
,,60.754,-2.422,,,,
,,61.146,-2.441,,,,
,,61.544,-2.449,,,,
,,61.94,-2.459,,,,
,,62.335,-2.466,,,,
,,62.73,-2.472,,,,
,,63.126,-2.481,,,,
,,63.522,-2.49,,,,
,,63.919,-2.491,,,,
,,64.315,-2.493,,,,
,,64.713,-2.493,,,,
,,65.11,-2.497,,,,
,,65.505,-2.5,,,,
,,65.903,-2.498,,,,
,,66.302,-2.489,,,,
,,66.7,-2.481,,,,
,,67.1,-2.483,,,,
,,67.492,-2.49,,,,
,,67.891,-2.5,,,,
,,68.281,-2.525,,,,
,,68.678,-2.554,,,,
,,69.069,-2.583,,,,
,,69.465,-2.603,,,,
,,69.862,-2.62,,,,
,,70.258,-2.628,,,,
,,70.655,-2.636,,,,
,,71.047,-2.645,,,,
,,71.443,-2.651,,,,
,,71.822,-2.647,,,,
,,72.216,-2.638,,,,
,,72.61,-2.632,,,,
,,73.005,-2.627,,,,
,,73.406,-2.618,,,,
,,73.805,-2.607,,,,
,,74.205,-2.598,,,,
,,74.597,-2.588,,,,
,,74.996,-2.577,,,,
,,75.401,-2.566,,,,
,,75.792,-2.557,,,,
,,76.188,-2.554,,,,
,,76.585,-2.556,,,,
,,76.979,-2.575,,,,
,,77.376,-2.619,,,,
,,77.772,-2.659,,,,
,,78.168,-2.706,,,,
,,78.565,-2.758,,,,
,,78.962,-2.819,,,,
,,79.344,-2.908,,,,
,,79.722,-3.042,,,,
,,80.094,-3.169,,,,
,,80.439,-3.305,,,,
,,80.743,-3.5,,,,
,,80.993,-3.751,,,,
,,81.181,-4.054,,,,
,,81.302,-4.368,,,,
,,81.372,-4.675,,,,
,,81.447,-5.036,,,,
,,81.524,-5.422,,,,
,,81.57,-5.815,,,,
,,81.591,-6.214,,,,
,,81.603,-6.619,,,,
,,81.603,-7.025,,,,
,,81.611,-7.43,,,,
,,81.622,-7.827,,,,
,,81.636,-8.124,,,,
,,81.638,-8.335,,,,
,,81.643,-8.499,,,,
,,81.644,-8.603,,,,
,,81.645,-8.632,,,,
,,81.645,-8.64,,,,
,,81.646,-8.65,,,,
,,81.646,-8.65,,,,
,,0,0,,,,
,,0,0,,,,
,,0,0,,,,
,,0,0,,,,
,,0,0,,,,
,,0.023,0,,,,
,,0.112,0,,,,
,,0.226,0.002,,,,
,,0.381,0.009,,,,
,,0.587,0.016,,,,
,,0.856,0.03,,,,
,,1.189,0.053,,,,
,,1.585,0.086,,,,
,,1.962,0.126,,,,
,,2.351,0.174,,,,
,,2.737,0.242,,,,
,,3.125,0.316,,,,
,,3.517,0.367,,,,
,,3.912,0.38,,,,
,,4.306,0.374,,,,
,,4.694,0.371,,,,
,,5.097,0.371,,,,
,,5.478,0.374,,,,
,,5.872,0.391,,,,
,,6.267,0.426,,,,
,,6.66,0.469,,,,
,,7.053,0.51,,,,
,,7.454,0.548,,,,
,,7.832,0.579,,,,
,,8.235,0.609,,,,
,,8.622,0.64,,,,
,,9.015,0.669,,,,
,,9.417,0.694,,,,
,,9.805,0.712,,,,
,,10.2,0.721,,,,
,,10.588,0.734,,,,
,,10.983,0.751,,,,
,,11.378,0.771,,,,
,,11.773,0.79,,,,
,,12.169,0.8,,,,
,,12.574,0.804,,,,
,,12.961,0.8,,,,
,,13.341,0.801,,,,
,,13.737,0.803,,,,
,,14.118,0.811,,,,
,,14.507,0.818,,,,
,,14.904,0.83,,,,
,,15.297,0.84,,,,
,,15.694,0.851,,,,
,,16.089,0.861,,,,
,,16.485,0.869,,,,
,,16.88,0.879,,,,
,,17.276,0.893,,,,
,,17.674,0.904,,,,
,,18.043,0.913,,,,
,,18.441,0.927,,,,
,,18.837,0.939,,,,
,,19.233,0.955,,,,
,,19.627,0.977,,,,
,,20.014,1.004,,,,
,,20.408,1.032,,,,
,,20.801,1.058,,,,
,,21.189,1.064,,,,
,,21.583,1.065,,,,
,,21.979,1.073,,,,
,,22.365,1.085,,,,
,,22.762,1.097,,,,
,,23.158,1.106,,,,
,,23.556,1.107,,,,
,,23.951,1.112,,,,
,,24.337,1.117,,,,
,,24.732,1.113,,,,
,,25.128,1.099,,,,
,,25.524,1.079,,,,
,,25.92,1.047,,,,
,,26.313,1.01,,,,
,,26.699,0.969,,,,
,,27.083,0.928,,,,
,,27.455,0.901,,,,
,,27.839,0.882,,,,
,,28.197,0.888,,,,
,,28.567,0.983,,,,
,,28.933,1.127,,,,
,,29.257,1.305,,,,
,,29.575,1.539,,,,
,,29.869,1.797,,,,
,,30.114,2.054,,,,
,,30.356,2.364,,,,
,,30.57,2.669,,,,
,,30.726,2.906,,,,
,,30.87,3.141,,,,
,,30.991,3.387,,,,
,,31.089,3.645,,,,
,,31.151,3.909,,,,
,,31.186,4.202,,,,
,,31.267,4.521,,,,
,,31.382,4.811,,,,
,,31.546,5.075,,,,
,,31.737,5.38,,,,
,,31.943,5.714,,,,
,,32.121,6.058,,,,
,,32.274,6.417,,,,
,,32.399,6.769,,,,
,,32.495,7.148,,,,
,,32.547,7.534,,,,
,,32.56,7.924,,,,
,,32.564,8.316,,,,
,,32.556,8.699,,,,
,,32.54,9.089,,,,
,,32.54,9.481,,,,
,,32.552,9.872,,,,
,,32.557,10.263,,,,
,,32.537,10.654,,,,
,,32.509,11.044,,,,
,,32.492,11.429,,,,
,,32.489,11.823,,,,
,,32.495,12.214,,,,
,,32.519,12.609,,,,
,,32.531,13.003,,,,
,,32.53,13.397,,,,
,,32.53,13.792,,,,
,,32.529,14.183,,,,
,,32.526,14.589,,,,
,,32.516,14.98,,,,
,,32.477,15.366,,,,
,,32.41,15.754,,,,
,,32.298,16.134,,,,
,,32.151,16.5,,,,
,,31.976,16.854,,,,
,,31.787,17.203,,,,
,,31.598,17.55,,,,
,,31.394,17.879,,,,
,,31.164,18.2,,,,
,,30.916,18.505,,,,
,,30.651,18.796,,,,
,,30.362,19.064,,,,
,,30.056,19.3,,,,
,,29.724,19.526,,,,
,,29.371,19.737,,,,
,,29.027,19.911,,,,
,,28.678,20.026,,,,
,,28.358,20.058,,,,
,,28.006,20.007,,,,
,,27.712,19.896,,,,
,,27.421,19.69,,,,
,,27.182,19.428,,,,
,,27.009,19.115,,,,
,,26.901,18.76,,,,
,,26.852,18.386,,,,
,,26.828,17.987,,,,
,,26.812,17.619,,,,
,,26.815,17.23,,,,
,,26.829,16.841,,,,
,,26.835,16.483,,,,
,,26.828,16.085,,,,
,,26.803,15.756,,,,
,,26.731,15.537,,,,
,,26.565,15.288,,,,
,,26.361,15.082,,,,
,,26.126,14.933,,,,
,,25.838,14.843,,,,
,,25.554,14.825,,,,
,,25.282,14.899,,,,
,,25.024,15.066,,,,
,,24.818,15.297,,,,
,,24.703,15.553,,,,
,,24.645,15.899,,,,
,,24.631,16.296,,,,
,,24.654,16.678,,,,
,,24.724,17.064,,,,
,,24.813,17.418,,,,
,,24.891,17.8,,,,
,,24.941,18.18,,,,
,,24.982,18.575,,,,
,,25.041,18.961,,,,
,,25.122,19.334,,,,
,,25.194,19.718,,,,
,,25.246,20.097,,,,
,,25.299,20.475,,,,
,,25.355,20.845,,,,
,,25.429,21.236,,,,
,,25.507,21.617,,,,
,,25.581,21.946,,,,
,,25.675,22.242,,,,
,,25.859,22.556,,,,
,,26.074,22.881,,,,
,,26.295,23.208,,,,
,,26.508,23.539,,,,
,,26.71,23.876,,,,
,,26.9,24.192,,,,
,,27.059,24.517,,,,
,,27.167,24.867,,,,
,,27.25,25.254,,,,
,,27.312,25.638,,,,
,,27.351,26.03,,,,
,,27.395,26.416,,,,
,,27.441,26.799,,,,
,,27.483,27.184,,,,
,,27.516,27.579,,,,
,,27.548,27.975,,,,
,,27.578,28.369,,,,
,,27.598,28.75,,,,
,,27.614,29.145,,,,
,,27.625,29.531,,,,
,,27.632,29.929,,,,
,,27.641,30.316,,,,
,,27.649,30.712,,,,
,,27.656,31.108,,,,
,,27.669,31.495,,,,
,,27.687,31.882,,,,
,,27.715,32.277,,,,
,,27.745,32.673,,,,
,,27.764,33.067,,,,
,,27.775,33.462,,,,
,,27.778,33.858,,,,
,,27.773,34.255,,,,
,,27.775,34.642,,,,
,,27.777,35.029,,,,
,,27.792,35.425,,,,
,,27.805,35.821,,,,
,,27.817,36.217,,,,
,,27.828,36.612,,,,
,,27.841,37.015,,,,
,,27.853,37.403,,,,
,,27.863,37.783,,,,
,,27.87,38.179,,,,
,,27.878,38.574,,,,
,,27.894,38.962,,,,
,,27.92,39.356,,,,
,,27.949,39.751,,,,
,,27.975,40.14,,,,
,,27.997,40.535,,,,
,,28.014,40.92,,,,
,,28.027,41.315,,,,
,,28.041,41.71,,,,
,,28.056,42.106,,,,
,,28.068,42.503,,,,
,,28.08,42.895,,,,
,,28.102,43.291,,,,
,,28.129,43.685,,,,
,,28.156,44.073,,,,
,,28.179,44.469,,,,
,,28.195,44.864,,,,
,,28.206,45.259,,,,
,,28.219,45.653,,,,
,,28.235,46.049,,,,
,,28.254,46.445,,,,
,,28.269,46.822,,,,
,,28.277,47.219,,,,
,,28.275,47.614,,,,
,,28.271,48.01,,,,
,,28.257,48.405,,,,
,,28.232,48.813,,,,
,,28.2,49.183,,,,
,,28.156,49.576,,,,
,,28.102,49.967,,,,
,,28.039,50.36,,,,
,,27.977,50.751,,,,
,,27.912,51.138,,,,
,,27.852,51.509,,,,
,,27.809,51.899,,,,
,,27.797,52.295,,,,
,,27.789,52.689,,,,
,,27.791,53.095,,,,
,,27.793,53.49,,,,
,,27.8,53.887,,,,
,,27.803,54.272,,,,
,,27.809,54.644,,,,
,,27.81,55.04,,,,
,,27.815,55.42,,,,
,,27.822,55.816,,,,
,,27.827,56.212,,,,
,,27.836,56.598,,,,
,,27.868,56.991,,,,
,,27.953,57.358,,,,
,,28.085,57.705,,,,
,,28.28,58.003,,,,
,,28.527,58.249,,,,
,,28.835,58.456,,,,
,,29.184,58.599,,,,
,,29.56,58.702,,,,
,,29.939,58.771,,,,
,,30.319,58.788,,,,
,,30.71,58.78,,,,
,,31.116,58.782,,,,
,,31.498,58.784,,,,
,,31.897,58.79,,,,
,,32.294,58.796,,,,
,,32.692,58.802,,,,
,,33.089,58.784,,,,
,,33.487,58.763,,,,
,,33.884,58.75,,,,
,,34.274,58.738,,,,
,,34.672,58.73,,,,
,,35.069,58.727,,,,
,,35.467,58.729,,,,
,,35.865,58.735,,,,
,,36.263,58.743,,,,
,,36.661,58.755,,,,
,,37.059,58.766,,,,
,,37.456,58.776,,,,
,,37.852,58.785,,,,
,,38.249,58.774,,,,
,,38.639,58.764,,,,
,,39.037,58.759,,,,
,,39.435,58.758,,,,
,,39.833,58.761,,,,
,,40.232,58.766,,,,
,,40.631,58.769,,,,
,,41.019,58.766,,,,
,,41.416,58.755,,,,
,,41.812,58.742,,,,
,,42.211,58.735,,,,
,,42.609,58.725,,,,
,,42.999,58.718,,,,
,,43.401,58.718,,,,
,,43.798,58.721,,,,
,,44.189,58.74,,,,
,,44.566,58.808,,,,
,,44.931,58.93,,,,
,,45.296,59.061,,,,
,,45.615,59.219,,,,
,,45.891,59.429,,,,
,,46.106,59.689,,,,
,,46.264,60.011,,,,
,,46.355,60.359,,,,
,,46.375,60.745,,,,
,,46.331,61.129,,,,
,,46.256,61.487,,,,
,,46.18,61.686,,,,
,,46.076,61.817,,,,
,,45.957,61.936,,,,
,,45.819,62.045,,,,
,,45.66,62.134,,,,
,,45.503,62.175,,,,
,,45.336,62.201,,,,
,,45.173,62.206,,,,
,,44.951,62.134,,,,
,,44.673,61.99,,,,
,,44.39,61.791,,,,
,,44.105,61.521,,,,
,,43.856,61.291,,,,
,,43.578,61.066,,,,
,,43.266,60.878,,,,
,,42.941,60.708,,,,
,,42.59,60.598,,,,
,,42.204,60.561,,,,
,,41.808,60.552,,,,
,,41.413,60.541,,,,
,,41.018,60.533,,,,
,,40.624,60.551,,,,
,,40.232,60.604,,,,
,,39.848,60.691,,,,
,,39.487,60.821,,,,
,,39.152,61.016,,,,
,,38.823,61.237,,,,
,,38.5,61.463,,,,
,,38.202,61.722,,,,
,,37.926,62.007,,,,
,,37.662,62.301,,,,
,,37.419,62.612,,,,
,,37.2,62.944,,,,
,,36.984,63.276,,,,
,,36.781,63.614,,,,
,,36.604,63.963,,,,
,,36.465,64.332,,,,
,,36.344,64.708,,,,
,,36.231,65.087,,,,
,,36.13,65.47,,,,
,,36.04,65.855,,,,
,,35.955,66.231,,,,
,,35.879,66.611,,,,
,,35.806,67,,,,
,,35.74,67.382,,,,
,,35.677,67.774,,,,
,,35.618,68.148,,,,
,,35.564,68.531,,,,
,,35.506,68.921,,,,
,,35.436,69.303,,,,
,,35.37,69.694,,,,
,,35.311,70.084,,,,
,,35.259,70.477,,,,
,,35.212,70.873,,,,
,,35.17,71.258,,,,
,,35.129,71.651,,,,
,,35.085,72.044,,,,
,,35.037,72.43,,,,
,,34.986,72.83,,,,
,,34.94,73.216,,,,
,,34.894,73.601,,,,
,,34.849,73.994,,,,
,,34.806,74.388,,,,
,,34.756,74.78,,,,
,,34.698,75.171,,,,
,,34.641,75.547,,,,
,,34.586,75.94,,,,
,,34.533,76.333,,,,
,,34.487,76.71,,,,
,,34.445,77.104,,,,
,,34.417,77.499,,,,
,,34.398,77.895,,,,
,,34.381,78.29,,,,
,,34.366,78.688,,,,
,,34.352,79.083,,,,
,,34.34,79.479,,,,
,,34.33,79.876,,,,
,,34.322,80.264,,,,
,,34.315,80.661,,,,
,,34.305,81.056,,,,
,,34.281,81.443,,,,
,,34.25,81.831,,,,
,,34.218,82.228,,,,
,,34.189,82.625,,,,
,,34.157,83.017,,,,
,,34.119,83.413,,,,
,,34.081,83.809,,,,
,,34.048,84.197,,,,
,,34.02,84.601,,,,
,,33.997,84.989,,,,
,,33.979,85.379,,,,
,,33.96,85.775,,,,
,,33.939,86.165,,,,
,,33.913,86.568,,,,
,,33.887,86.956,,,,
,,33.861,87.352,,,,
,,33.829,87.748,,,,
,,33.802,88.144,,,,
,,33.785,88.541,,,,
,,33.771,88.937,,,,
,,33.757,89.336,,,,
,,33.745,89.733,,,,
,,33.731,90.13,,,,
,,33.712,90.519,,,,
,,33.687,90.917,,,,
,,33.659,91.315,,,,
,,33.634,91.712,,,,
,,33.614,92.11,,,,
,,33.601,92.5,,,,
,,33.587,92.898,,,,
,,33.574,93.296,,,,
,,33.562,93.694,,,,
,,33.555,94.092,,,,
,,33.545,94.487,,,,
,,33.526,94.884,,,,
,,33.491,95.278,,,,
,,33.431,95.668,,,,
,,33.358,96.06,,,,
,,33.286,96.443,,,,
,,33.219,96.827,,,,
,,33.16,97.22,,,,
,,33.099,97.612,,,,
,,33.035,97.995,,,,
,,32.958,98.384,,,,
,,32.862,98.768,,,,
,,32.771,99.153,,,,
,,32.674,99.536,,,,
,,32.546,99.936,,,,
,,32.43,100.274,,,,
,,32.295,100.646,,,,
,,32.149,101.015,,,,
,,31.99,101.378,,,,
,,31.822,101.736,,,,
,,31.646,102.092,,,,
,,31.467,102.446,,,,
,,31.281,102.795,,,,
,,31.071,103.129,,,,
,,30.843,103.452,,,,
,,30.603,103.765,,,,
,,30.355,104.074,,,,
,,30.087,104.365,,,,
,,29.815,104.641,,,,
,,29.522,104.905,,,,
,,29.209,105.143,,,,
,,28.873,105.347,,,,
,,28.527,105.515,,,,
,,28.186,105.64,,,,
,,27.808,105.697,,,,
,,27.425,105.714,,,,
,,27.036,105.687,,,,
,,26.649,105.616,,,,
,,26.26,105.543,,,,
,,25.873,105.475,,,,
,,25.487,105.4,,,,
,,25.099,105.329,,,,
,,24.725,105.27,,,,
,,24.335,105.215,,,,
,,23.944,105.158,,,,
,,23.554,105.097,,,,
,,23.164,105.035,,,,
,,22.774,104.973,,,,
,,22.386,104.905,,,,
,,22.005,104.834,,,,
,,21.618,104.764,,,,
,,21.229,104.7,,,,
,,20.836,104.65,,,,
,,20.444,104.607,,,,
,,20.054,104.562,,,,
,,19.662,104.505,,,,
,,19.272,104.445,,,,
,,18.881,104.381,,,,
,,18.493,104.314,,,,
,,18.112,104.247,,,,
,,17.724,104.183,,,,
,,17.334,104.125,,,,
,,16.941,104.074,,,,
,,16.549,104.03,,,,
,,16.164,103.991,,,,
,,15.765,103.943,,,,
,,15.374,103.885,,,,
,,14.992,103.826,,,,
,,14.596,103.755,,,,
,,14.217,103.678,,,,
,,13.831,103.592,,,,
,,13.451,103.502,,,,
,,13.07,103.401,,,,
,,12.686,103.311,,,,
,,12.3,103.235,,,,
,,11.912,103.166,,,,
,,11.523,103.1,,,,
,,11.134,103.031,,,,
,,10.744,102.964,,,,
,,10.356,102.888,,,,
,,9.97,102.804,,,,
,,9.585,102.716,,,,
,,9.209,102.627,,,,
,,8.826,102.527,,,,
,,8.444,102.427,,,,
,,8.053,102.326,,,,
,,7.678,102.236,,,,
,,7.295,102.142,,,,
,,6.914,102.038,,,,
,,6.537,101.926,,,,
,,6.161,101.808,,,,
,,5.787,101.682,,,,
,,5.418,101.542,,,,
,,5.057,101.385,,,,
,,4.694,101.226,,,,
,,4.327,101.077,,,,
,,3.973,100.944,,,,
,,3.601,100.808,,,,
,,3.23,100.671,,,,
,,2.861,100.532,,,,
,,2.491,100.39,,,,
,,2.125,100.248,,,,
,,1.761,100.103,,,,
,,1.397,99.95,,,,
,,1.047,99.786,,,,
,,0.722,99.583,,,,
,,0.397,99.362,,,,
,,0.072,99.129,,,,
,,-0.222,98.884,,,,
,,-0.496,98.605,,,,
,,-0.752,98.306,,,,
,,-1.002,97.992,,,,
,,-1.236,97.696,,,,
,,-1.47,97.388,,,,
,,-1.693,97.064,,,,
,,-1.906,96.743,,,,
,,-2.129,96.412,,,,
,,-2.344,96.084,,,,
,,-2.554,95.755,,,,
,,-2.758,95.423,,,,
,,-2.957,95.086,,,,
,,-3.151,94.747,,,,
,,-3.338,94.404,,,,
,,-3.516,94.056,,,,
,,-3.687,93.712,,,,
,,-3.854,93.359,,,,
,,-4.012,93.001,,,,
,,-4.16,92.64,,,,
,,-4.31,92.278,,,,
,,-4.462,91.918,,,,
,,-4.601,91.554,,,,
,,-4.726,91.182,,,,
,,-4.833,90.813,,,,
,,-4.931,90.434,,,,
,,-5.02,90.052,,,,
,,-5.097,89.668,,,,
,,-5.164,89.289,,,,
,,-5.224,88.9,,,,
,,-5.279,88.511,,,,
,,-5.338,88.113,,,,
,,-5.382,87.737,,,,
,,-5.418,87.344,,,,
,,-5.45,86.944,,,,
,,-5.485,86.558,,,,
,,-5.511,86.165,,,,
,,-5.528,85.77,,,,
,,-5.542,85.376,,,,
,,-5.551,84.981,,,,
,,-5.56,84.583,,,,
,,-5.573,84.189,,,,
,,-5.593,83.785,,,,
,,-5.612,83.398,,,,
,,-5.627,83.004,,,,
,,-5.632,82.616,,,,
,,-5.64,82.228,,,,
,,-5.648,81.848,,,,
,,-5.646,81.451,,,,
,,-5.638,81.056,,,,
,,-5.622,80.668,,,,
,,-5.602,80.266,,,,
,,-5.581,79.879,,,,
,,-5.56,79.477,,,,
,,-5.54,79.082,,,,
,,-5.527,78.695,,,,
,,-5.51,78.292,,,,
,,-5.488,77.904,,,,
,,-5.464,77.518,,,,
,,-5.439,77.123,,,,
,,-5.423,76.729,,,,
,,-5.408,76.334,,,,
,,-5.386,75.94,,,,
,,-5.36,75.545,,,,
,,-5.33,75.15,,,,
,,-5.301,74.779,,,,
,,-5.274,74.384,,,,
,,-5.244,73.989,,,,
,,-5.22,73.595,,,,
,,-5.201,73.199,,,,
,,-5.183,72.805,,,,
,,-5.173,72.408,,,,
,,-5.157,72.013,,,,
,,-5.138,71.618,,,,
,,-5.108,71.223,,,,
,,-5.062,70.841,,,,
,,-5.012,70.448,,,,
,,-4.963,70.056,,,,
,,-4.902,69.668,,,,
,,-4.823,69.28,,,,
,,-4.731,68.898,,,,
,,-4.627,68.536,,,,
,,-4.472,68.177,,,,
,,-4.277,67.832,,,,
,,-4.083,67.486,,,,
,,-3.891,67.15,,,,
,,-3.669,66.822,,,,
,,-3.434,66.502,,,,
,,-3.204,66.193,,,,
,,-2.952,65.895,,,,
,,-2.675,65.62,,,,
,,-2.392,65.344,,,,
,,-2.114,65.065,,,,
,,-1.841,64.78,,,,
,,-1.561,64.505,,,,
,,-1.271,64.249,,,,
,,-0.968,63.997,,,,
,,-0.655,63.742,,,,
,,-0.345,63.512,,,,
,,-0.028,63.276,,,,
,,0.3,63.057,,,,
,,0.641,62.859,,,,
,,0.981,62.659,,,,
,,1.316,62.452,,,,
,,1.646,62.242,,,,
,,1.988,62.048,,,,
,,2.332,61.859,,,,
,,2.679,61.672,,,,
,,3.029,61.491,,,,
,,3.371,61.3,,,,
,,3.666,61.078,,,,
,,3.916,60.813,,,,
,,4.124,60.516,,,,
,,4.281,60.184,,,,
,,4.412,59.824,,,,
,,4.522,59.45,,,,
,,4.579,59.064,,,,
,,4.601,58.669,,,,
,,4.619,58.275,,,,
,,4.628,57.896,,,,
,,4.622,57.509,,,,
,,4.594,57.114,,,,
,,4.537,56.732,,,,
,,4.44,56.343,,,,
,,4.333,55.96,,,,
,,4.238,55.582,,,,
,,4.146,55.19,,,,
,,4.075,54.808,,,,
,,4.003,54.41,,,,
,,3.933,54.027,,,,
,,3.868,53.637,,,,
,,3.807,53.247,,,,
,,3.745,52.856,,,,
,,3.681,52.467,,,,
,,3.616,52.085,,,,
,,3.545,51.696,,,,
,,3.467,51.307,,,,
,,3.393,50.919,,,,
,,3.302,50.541,,,,
,,3.199,50.159,,,,
,,3.1,49.778,,,,
,,2.994,49.404,,,,
,,2.842,49.048,,,,
,,2.663,48.698,,,,
,,2.47,48.352,,,,
,,2.28,48.003,,,,
,,2.093,47.653,,,,
,,1.923,47.315,,,,
,,1.768,46.976,,,,
,,1.648,46.653,,,,
,,1.6,46.266,,,,
,,1.574,45.87,,,,
,,1.548,45.475,,,,
,,1.518,45.078,,,,
,,1.488,44.683,,,,
,,1.463,44.286,,,,
,,1.449,43.892,,,,
,,1.46,43.497,,,,
,,1.48,43.1,,,,
,,1.502,42.704,,,,
,,1.522,42.309,,,,
,,1.535,41.919,,,,
,,1.536,41.524,,,,
,,1.537,41.128,,,,
,,1.534,40.731,,,,
,,1.528,40.335,,,,
,,1.527,39.939,,,,
,,1.525,39.543,,,,
,,1.525,39.155,,,,
,,1.526,38.758,,,,
,,1.525,38.361,,,,
,,1.529,37.971,,,,
,,1.531,37.582,,,,
,,1.535,37.185,,,,
,,1.538,36.788,,,,
,,1.54,36.39,,,,
,,1.541,35.994,,,,
,,1.538,35.598,,,,
,,1.536,35.202,,,,
,,1.533,34.815,,,,
,,1.528,34.416,,,,
,,1.525,34.021,,,,
,,1.53,33.616,,,,
,,1.54,33.227,,,,
,,1.547,32.822,,,,
,,1.555,32.442,,,,
,,1.562,32.045,,,,
,,1.57,31.648,,,,
,,1.577,31.251,,,,
,,1.582,30.856,,,,
,,1.585,30.467,,,,
,,1.583,30.07,,,,
,,1.582,29.683,,,,
,,1.576,29.286,,,,
,,1.567,28.89,,,,
,,1.55,28.502,,,,
,,1.527,28.114,,,,
,,1.497,27.718,,,,
,,1.467,27.323,,,,
,,1.437,26.927,,,,
,,1.402,26.533,,,,
,,1.361,26.147,,,,
,,1.314,25.753,,,,
,,1.27,25.369,,,,
,,1.223,24.975,,,,
,,1.177,24.58,,,,
,,1.134,24.196,,,,
,,1.1,23.802,,,,
,,1.074,23.405,,,,
,,1.048,23.009,,,,
,,1.024,22.622,,,,
,,1.003,22.234,,,,
,,0.977,21.84,,,,
,,0.949,21.443,,,,
,,0.903,21.055,,,,
,,0.815,20.67,,,,
,,0.707,20.289,,,,
,,0.599,19.916,,,,
,,0.489,19.536,,,,
,,0.377,19.164,,,,
,,0.26,18.785,,,,
,,0.144,18.406,,,,
,,0.027,18.028,,,,
,,-0.08,17.647,,,,
,,-0.177,17.261,,,,
,,-0.263,16.874,,,,
,,-0.339,16.486,,,,
,,-0.4,16.096,,,,
,,-0.423,15.822,,,,
,,-0.427,15.613,,,,
,,-0.437,15.348,,,,
,,-0.444,15.077,,,,
,,-0.445,14.789,,,,
,,-0.438,14.434,,,,
,,-0.427,14.037,,,,
,,-0.415,13.63,,,,
,,-0.395,13.248,,,,
,,-0.374,12.844,,,,
,,-0.365,12.454,,,,
,,-0.354,12.057,,,,
,,-0.35,11.66,,,,
,,-0.357,11.254,,,,
,,-0.372,10.88,,,,
,,-0.382,10.478,,,,
,,-0.386,10.079,,,,
,,-0.392,9.678,,,,
,,-0.402,9.276,,,,
,,-0.41,8.884,,,,
,,-0.403,8.537,,,,
,,-0.383,8.146,,,,
,,-0.345,7.746,,,,
,,-0.316,7.347,,,,
,,-0.314,6.945,,,,
,,-0.313,6.543,,,,
,,-0.314,6.142,,,,
,,-0.331,5.745,,,,
,,-0.365,5.358,,,,
,,-0.407,4.997,,,,
,,-0.454,4.653,,,,
,,-0.539,4.332,,,,
,,-0.68,4,,,,
,,-0.866,3.652,,,,
,,-1.06,3.314,,,,
,,-1.296,3.004,,,,
,,-1.515,2.681,,,,
,,-1.71,2.349,,,,
,,-1.874,2.033,,,,
,,-2.001,1.713,,,,
,,-2.062,1.388,,,,
,,-2.038,1.027,,,,
,,-1.951,0.694,,,,
,,-1.803,0.423,,,,
,,-1.542,0.189,,,,
,,-1.207,-0.02,,,,
,,-0.874,-0.18,,,,
,,-0.505,-0.282,,,,
,,-0.126,-0.391,,,,
,,0.252,-0.51,,,,
,,0.612,-0.651,,,,
,,0.978,-0.802,,,,
,,1.343,-0.952,,,,
,,1.705,-1.095,,,,
,,2.078,-1.22,,,,
,,2.464,-1.297,,,,
,,2.856,-1.347,,,,
,,3.248,-1.41,,,,
,,3.639,-1.473,,,,
,,4.032,-1.523,,,,
,,4.427,-1.539,,,,
,,4.824,-1.551,,,,
,,5.218,-1.561,,,,
,,5.603,-1.553,,,,
,,5.999,-1.538,,,,
,,6.387,-1.533,,,,
,,6.78,-1.517,,,,
,,7.174,-1.487,,,,
,,7.566,-1.442,,,,
,,7.959,-1.398,,,,
,,8.343,-1.364,,,,
,,8.599,-1.348,,,,
,,8.697,-1.372,,,,
,,8.717,-1.376,,,,
,,8.713,-1.392,,,,
,,8.875,-1.494,,,,
,,9.095,-1.705,,,,
,,9.291,-1.932,,,,
,,9.481,-2.142,,,,
,,9.603,-2.282,,,,
,,9.615,-2.303,,,,
,,9.621,-2.31,,,,
,,9.627,-2.318,,,,
,,9.633,-2.325,,,,
,,9.638,-2.331,,,,
,,9.639,-2.332,,,,
,,9.64,-2.333,,,,
,,9.639,-2.331,,,,
,,9.632,-2.323,,,,
,,9.649,-2.336,,,,
,,9.72,-2.341,,,,
,,9.769,-2.288,,,,
,,9.825,-2.231,,,,
,,9.929,-2.118,,,,
,,9.94,-2.044,,,,
,,9.947,-2.024,,,,
,,10.029,-1.925,,,,
,,10.09,-1.846,,,,
,,10.211,-1.689,,,,
,,10.356,-1.498,,,,
,,10.523,-1.287,,,,
,,10.695,-1.078,,,,
,,10.915,-0.848,,,,
,,11.192,-0.681,,,,
,,11.545,-0.576,,,,
,,11.907,-0.539,,,,
,,12.304,-0.561,,,,
,,12.698,-0.596,,,,
,,13.093,-0.645,,,,
,,13.485,-0.698,,,,
,,13.878,-0.757,,,,
,,14.266,-0.834,,,,
,,14.64,-0.943,,,,
,,15.021,-1.051,,,,
,,15.401,-1.17,,,,
,,15.764,-1.329,,,,
,,16.122,-1.504,,,,
,,16.481,-1.676,,,,
,,16.837,-1.843,,,,
,,17.17,-1.983,,,,
,,17.503,-2.117,,,,
,,17.802,-2.187,,,,
,,17.903,-2.178,,,,
,,17.905,-2.176,,,,
,,17.906,-2.176,,,,
